,Player,Kda,rating,openRating,ratingPis
0,nettik,1.75,1.55,1.24,1.47
1,Magnojez,1.39,1.45,1.36,1.21
2,yungher,1.71,1.42,1.23,1.13
3,donk,1.39,1.42,1.28,1.32
4,GaBi,1.77,1.41,1.07,1.48
5,kaahSENSEI,1.74,1.39,1.13,1.43
6,gabs,1.46,1.39,1.33,1.80
7,izaa,1.40,1.37,1.31,1.59
8,annaEX,1.51,1.35,1.21,1.31
9,chelleos,1.37,1.33,1.41,1.47
10,dav1deuS,1.35,1.33,1.16,1.32
11,nicoodoz,1.31,1.32,1.36,1.10
12,XANTARES,1.25,1.32,1.31,1.37
13,julih,1.34,1.30,1.18,1.33
14,D7,1.29,1.29,1.05,1.41
15,ropz,1.41,1.29,1.13,1.45
16,supra,1.23,1.28,1.16,1.72
17,MATYS,1.21,1.28,1.07,1.58
18,TNDKingg,1.17,1.28,1.34,1.45
19,ICY,1.40,1.27,1.25,1.21
20,Lake,1.21,1.27,1.15,1.25
21,ADDICT,1.29,1.27,1.03,1.36
22,blameF,1.35,1.27,1.10,1.13
23,lov1kus,1.25,1.26,1.04,1.75
24,Maka,1.38,1.26,1.09,1.19
25,TRAVIS,1.27,1.26,1.08,1.51
26,xiELO,1.25,1.26,1.14,1.37
27,Zana,1.43,1.26,1.03,0.77
28,deko,1.36,1.25,1.06,1.26
29,dupreeh,1.18,1.25,1.24,1.58
30,FinigaN,1.26,1.24,1.02,1.07
31,FL1T,1.14,1.24,1.19,1.51
32,smooya,1.28,1.24,1.27,0.98
33,aidKiT,1.36,1.24,1.18,1.18
34,REGIANE,1.29,1.23,0.89,0.61
35,HEN1,1.33,1.23,1.04,1.10
36,lux,1.15,1.23,1.16,1.15
37,hAdji,1.27,1.23,1.00,1.04
38,kyuubii,1.17,1.23,1.10,1.65
39,Swisher,1.16,1.23,1.13,1.33
40,nilo,1.22,1.23,0.96,1.26
41,adeX,1.23,1.23,1.14,1.18
42,RCF,1.29,1.22,1.22,1.34
43,junior,1.40,1.22,1.12,1.14
44,oskar,1.33,1.22,1.06,1.14
45,EliGE,1.15,1.22,1.17,1.48
46,Porya,1.20,1.21,1.05,1.17
47,910,1.27,1.21,1.18,1.00
48,mezii,1.13,1.21,1.08,1.09
49,Plopski,1.21,1.21,0.99,1.31
50,dea,1.21,1.21,1.24,1.16
51,hazr,1.13,1.21,1.08,1.20
52,boltz,1.24,1.21,1.04,1.02
53,damyo,1.13,1.21,1.20,1.21
54,Rackem,1.23,1.21,1.02,1.18
55,hardzao,1.25,1.21,1.05,1.16
56,NertZ,1.18,1.21,1.22,1.12
57,hyped,1.19,1.20,1.34,1.25
58,biguzera,1.18,1.20,1.02,0.82
59,frozen,1.21,1.20,1.01,1.30
60,podi,1.30,1.20,1.22,1.14
61,w0nderful,1.24,1.20,1.25,1.10
62,Cabbi,1.16,1.20,1.14,0.96
63,JamYoung,1.27,1.20,1.03,1.31
64,kory,1.07,1.20,1.35,1.17
65,device,1.28,1.20,1.26,1.44
66,pauliiee,1.19,1.20,1.17,0.98
67,mantuu,1.30,1.20,1.18,1.03
68,Krimbo,1.31,1.20,1.03,1.08
69,REZ,1.16,1.20,1.20,1.82
70,Woro2k,1.24,1.19,1.13,1.07
71,syrsoN,1.28,1.19,1.25,1.35
72,NEOFRAG,1.16,1.19,1.14,1.34
73,r1nkle,1.19,1.19,1.22,1.31
74,h4rn,1.31,1.19,1.03,1.07
75,dpr,1.22,1.19,1.04,1.37
76,JDC,1.14,1.19,1.03,1.03
77,brnz4n,1.10,1.19,1.27,1.08
78,Forester,1.14,1.19,1.07,1.17
79,npl,1.15,1.19,1.07,1.05
80,felps,1.10,1.18,1.14,1.20
81,tabseN,1.09,1.18,1.05,1.64
82,coldzera,1.25,1.18,1.14,1.21
83,adamb,1.11,1.18,1.10,1.37
84,nawwk,1.41,1.18,0.94,1.04
85,Jame,1.36,1.18,1.13,1.04
86,PR,1.16,1.18,1.04,1.21
87,HObbit,1.21,1.18,1.21,1.11
88,pain,1.20,1.18,1.33,1.27
89,Lucky,1.24,1.18,1.09,1.18
90,Lucky,1.24,1.18,1.09,1.14
91,Lucky,1.24,1.18,0.99,1.18
92,Lucky,1.24,1.18,0.99,1.14
93,Lucky,1.12,1.13,1.09,1.18
94,Lucky,1.12,1.13,1.09,1.14
95,Lucky,1.12,1.13,0.99,1.18
96,Lucky,1.12,1.13,0.99,1.14
97,Aaron,1.10,1.18,1.23,1.12
98,misutaaa,1.09,1.18,1.09,1.04
99,d1Ledez,1.12,1.18,1.11,1.17
100,God6y,1.15,1.18,1.00,0.88
101,Drox,1.16,1.18,1.11,1.17
102,kRaSnaL,1.12,1.18,0.99,1.06
103,SHOCK,1.13,1.18,1.18,1.25
104,Moseyuh,1.16,1.18,1.10,1.63
105,MiQ,1.13,1.17,0.99,1.77
106,KENSI,1.10,1.17,1.08,1.38
107,venomzera,1.08,1.17,1.14,1.32
108,N1ghtraid,1.29,1.17,1.29,0.97
109,luchov,1.07,1.17,1.12,1.30
110,ArtFr0st,1.30,1.17,1.16,1.28
111,autimatic,1.13,1.17,1.03,1.19
112,M1key,1.10,1.17,1.06,0.95
113,Aida,1.01,1.17,1.00,1.14
114,NOPEEJ,1.17,1.17,1.06,1.21
115,Jeorge,1.18,1.17,0.98,1.31
116,Infinite,1.13,1.17,0.87,1.95
117,ReegaN,1.21,1.16,0.91,1.15
118,eraa,1.19,1.16,1.22,1.26
119,fr3nd,1.26,1.16,1.12,1.04
120,Anlelele,1.17,1.16,0.91,1.32
121,DGL,1.24,1.16,0.99,1.67
122,Marko≈õ,1.22,1.16,1.10,1.40
123,Lekr0,1.06,1.16,0.99,1.31
124,PwnAlone,1.15,1.16,1.15,1.25
125,Cooper,1.02,1.15,1.34,1.45
126,Kvem,1.03,1.15,1.19,1.29
127,DEPRESHN,1.10,1.15,1.19,1.44
128,Senzu,1.08,1.15,1.05,1.81
129,brutmonster,1.14,1.15,1.22,1.13
130,dumau,1.11,1.15,1.13,1.48
131,yuurih,1.09,1.15,1.09,0.93
132,floppy,1.07,1.15,0.97,0.90
133,Altekz,1.11,1.15,1.05,1.14
134,Babs,1.14,1.15,1.02,1.06
135,ferzy,1.10,1.15,1.29,1.49
136,Ryujin,1.07,1.15,1.13,1.44
137,pavv,1.10,1.15,0.95,1.48
138,robiin,1.13,1.15,0.91,1.43
139,Jimpphat,1.20,1.15,0.85,0.82
140,malbsMd,1.10,1.14,1.04,1.37
141,TeSeS,1.05,1.14,1.06,0.78
142,b1elany,1.11,1.14,0.93,1.19
143,skyye,1.07,1.14,1.01,1.34
144,stadodo,1.19,1.14,1.18,1.41
145,rallen,1.07,1.14,1.08,1.00
146,PlesseN,1.04,1.14,1.06,1.34
147,refrezh,1.14,1.14,0.97,1.17
148,doc,1.01,1.14,1.12,1.12
149,TjP,1.05,1.14,1.14,0.81
150,Ciocardau,1.01,1.14,1.17,0.89
151,DSSj,1.14,1.14,1.12,1.20
152,kraghen,1.02,1.14,1.16,0.94
153,exit,1.12,1.14,0.91,1.01
154,BeaKie,1.16,1.14,0.98,1.03
155,tomiko,1.10,1.14,1.00,1.24
156,shadiy,1.07,1.14,0.94,0.95
157,clax,1.13,1.14,1.02,1.09
158,valde,1.13,1.14,0.93,0.99
159,Levi,1.02,1.14,1.17,1.04
160,cass1n,1.19,1.14,1.17,0.88
161,CRUC1AL,1.20,1.14,1.14,1.17
162,latto,1.06,1.13,0.95,1.38
163,yAmi,1.04,1.13,1.13,1.06
164,Prism,1.06,1.13,0.98,1.20
165,Pechyn,1.12,1.13,0.99,0.98
166,dgt,1.12,1.13,1.07,1.00
167,zont1x,1.07,1.13,1.08,1.21
168,xfl0ud,1.16,1.13,0.96,1.18
169,asap,1.09,1.13,1.00,1.19
170,noway,1.10,1.13,1.03,0.98
171,anarkez,1.19,1.13,1.11,1.08
172,RuStY,1.10,1.13,0.99,1.28
173,r3salt,1.06,1.13,1.04,1.26
174,Mercury,1.02,1.13,1.12,1.08
175,togs,1.14,1.13,1.01,1.20
176,IceBerg,0.99,1.13,1.18,0.74
177,insani,1.04,1.13,1.04,1.03
178,alpha,1.06,1.13,1.06,1.59
179,bLitz,1.10,1.13,0.90,0.85
180,SaMey,1.16,1.13,1.10,1.09
181,lulitenz,1.09,1.13,0.81,0.98
182,Djoko,1.03,1.13,1.02,1.36
183,broky,1.09,1.13,1.13,1.16
184,story,1.12,1.13,1.07,1.01
185,b0denmaster,1.13,1.13,1.11,1.09
186,Svedjehed,1.05,1.13,1.09,1.05
187,JennyR,1.11,1.13,1.16,0.61
188,gbb,1.07,1.13,0.94,0.94
189,MarKE,1.09,1.12,1.04,1.22
190,Sonic,1.08,1.12,1.02,1.00
191,Boombl4,1.08,1.12,1.11,0.96
192,CoJoMo,1.10,1.12,1.05,1.34
193,Tiger,1.10,1.12,1.11,1.35
194,Staehr,1.05,1.12,1.04,1.05
195,saadzin,1.13,1.12,1.05,1.11
196,HexT,1.12,1.12,0.97,1.57
197,bl1x1,1.04,1.12,1.03,1.25
198,HeavyGod,1.17,1.12,0.95,1.69
199,Demho,1.12,1.12,0.98,1.18
200,MoDo,1.17,1.12,1.13,1.24
201,headtr1ck,1.16,1.12,1.04,0.81
202,Bymas,1.16,1.12,0.98,0.97
203,MaSvAl,1.15,1.12,0.88,0.94
204,Walco,1.09,1.12,1.15,1.12
205,kaze,1.18,1.12,1.04,1.17
206,olimp,1.01,1.12,1.01,1.31
207,Kobe,1.10,1.12,1.13,1.22
208,glowiing,1.02,1.12,1.04,0.80
209,slaxz-,1.17,1.12,1.16,1.00
210,Forleks,1.02,1.12,0.99,1.34
211,cxzi,0.92,1.11,1.31,1.08
212,SPELLAN,1.05,1.11,1.10,0.89
213,roeJ,1.04,1.11,1.03,0.94
214,Dragon,1.09,1.11,1.09,1.27
215,dobu,1.09,1.11,0.93,1.08
216,nooz,1.02,1.11,1.02,1.41
217,snow,0.98,1.11,1.14,1.24
218,sausol,1.07,1.11,1.03,1.06
219,Twistzz,1.10,1.11,0.82,1.17
220,DeStiNy,1.07,1.11,0.99,1.17
221,KSCERATO,1.12,1.11,0.99,1.18
222,zorte,1.06,1.11,1.24,0.90
223,forsyy,1.18,1.11,1.10,1.02
224,L00m1,1.07,1.11,0.98,0.92
225,atarax1a,1.11,1.11,1.09,1.12
226,fino,1.08,1.11,1.21,1.16
227,ALLE,1.03,1.11,1.16,0.69
228,RZU,1.03,1.11,1.01,1.44
229,JBa,1.08,1.11,0.95,1.01
230,tomaszin,1.04,1.11,0.93,0.87
231,reck,1.14,1.11,0.91,1.34
232,hallzerk,1.09,1.11,1.09,0.83
233,NickelBack,1.04,1.10,0.94,0.89
234,ztr,1.09,1.10,0.92,0.88
235,reiko,1.03,1.10,1.05,1.18
236,rdnzao,1.09,1.10,1.04,1.23
237,ObZen,1.07,1.10,1.08,1.18
238,Zyphon,1.07,1.10,0.99,1.12
239,AhaNg,0.99,1.10,1.03,0.87
240,mwlky,1.11,1.10,1.02,1.14
241,OWNER,1.12,1.10,0.95,1.05
242,Lucaozy,0.97,1.10,1.22,1.24
243,Kamion,0.98,1.10,1.08,0.90
244,Nodios,1.05,1.10,1.01,0.93
245,Sobol,1.04,1.10,1.05,0.96
246,AwaykeN,1.08,1.10,1.07,0.64
247,n1ssim,1.05,1.10,1.09,1.12
248,Techno,1.06,1.10,0.91,0.91
249,uli,1.11,1.10,0.95,0.97
250,Perfecto,1.28,1.10,0.83,0.98
251,decenty,1.08,1.09,0.94,1.77
252,fame,1.11,1.09,0.89,1.02
253,rigoN,1.07,1.09,1.07,1.26
254,BELCHONOKK,1.01,1.09,1.01,1.31
255,nafany,1.06,1.09,1.10,1.00
256,Ganginho,1.17,1.09,1.04,1.04
257,gokushima,1.13,1.09,1.09,0.98
258,gafolo,1.08,1.09,1.04,1.20
259,br0,0.97,1.09,0.96,1.04
260,Cyrix,1.09,1.09,0.97,1.14
261,CacaNito,1.01,1.09,0.99,1.22
262,chjna,0.98,1.09,0.93,1.65
263,nEMANHA,0.94,1.09,1.11,0.88
264,JW,1.02,1.09,1.16,1.28
265,manguss,1.12,1.09,0.90,1.30
266,Martinez,1.08,1.09,1.18,1.09
267,AccuracyTG,1.12,1.09,1.09,1.24
268,MC,1.02,1.09,0.99,0.82
269,dangeR,1.00,1.09,0.99,1.13
270,phzy,1.19,1.08,0.89,1.39
271,PANIX,1.10,1.08,1.06,1.25
272,k0nfig,1.03,1.08,0.95,1.16
273,pr,0.95,1.08,1.05,0.81
274,shalfey,1.05,1.08,1.01,1.05
275,abr,1.10,1.08,0.98,0.98
276,Qlocuu,1.02,1.08,0.95,1.17
277,gxx-,1.05,1.08,1.15,0.97
278,xureba,1.01,1.08,1.02,1.00
279,Grizz,1.03,1.08,0.95,1.20
280,oxygeN,1.00,1.08,1.01,1.09
281,kauez,1.05,1.08,0.99,1.17
282,simke,1.00,1.08,1.04,1.06
283,tucks,1.01,1.08,1.05,0.59
284,MRC9,1.08,1.08,0.92,1.20
285,saffee,1.06,1.08,1.02,0.84
286,TruNiQ,1.02,1.08,0.92,1.30
287,mir,1.03,1.08,1.03,1.18
288,maxster,1.02,1.08,1.00,1.52
289,sacrifice,1.07,1.08,1.05,1.45
290,cynic,1.04,1.08,0.88,1.25
291,bluewh1te,1.05,1.08,0.88,1.57
292,mzinho,0.99,1.08,1.01,1.11
293,chop,1.05,1.08,0.96,1.06
294,sdy,0.98,1.08,0.98,1.39
295,twist,1.01,1.08,1.10,0.87
296,cJ,1.07,1.08,1.08,0.95
297,Valiance,1.01,1.08,0.85,0.99
298,mhL,1.03,1.08,1.07,1.00
299,synyx,1.03,1.08,1.02,1.22
300,s1ren,1.01,1.08,0.99,1.21
301,shaiK,1.04,1.08,1.00,0.80
302,Bwills,1.06,1.08,1.02,1.16
303,bodyy,1.03,1.07,1.05,0.96
304,2high,1.06,1.07,0.79,1.18
305,bajmi,1.05,1.07,1.00,1.15
306,VINI,1.05,1.07,0.95,1.12
307,zevy,1.04,1.07,1.18,1.16
308,KRAXYT,0.96,1.07,0.89,0.81
309,jkaem,0.92,1.07,1.25,1.04
310,HEAP,1.02,1.07,0.98,1.41
311,Gonzo,0.95,1.07,1.06,1.02
312,pz,1.02,1.07,1.07,1.07
313,snav,1.01,1.07,1.00,1.09
314,nbqq,1.04,1.07,1.00,0.94
315,WolfY,1.05,1.07,1.05,0.85
316,szejn,1.01,1.07,1.10,1.38
317,PNDLM,0.94,1.07,1.10,1.06
318,dav1g,0.97,1.07,0.98,0.92
319,torzsi,1.07,1.07,1.06,0.82
320,Dani,0.95,1.07,1.03,1.58
321,ZEDKO,1.02,1.07,1.02,1.10
322,TMB,1.00,1.07,1.02,0.91
323,kabal,0.93,1.07,0.99,1.16
324,CYPHER,0.95,1.07,1.06,1.29
325,cej0t,0.96,1.07,1.06,0.82
326,Skrimo,0.92,1.06,1.04,1.11
327,dennyslaw,1.05,1.06,1.20,0.90
328,shg,1.02,1.06,0.96,1.06
329,realz1n,1.08,1.06,0.92,0.99
330,fozil,0.95,1.06,1.09,1.13
331,notineki,1.06,1.06,0.91,1.06
332,Westmelon,1.02,1.06,0.95,1.18
333,naitte,0.89,1.06,1.18,1.19
334,Starry,0.98,1.06,1.11,1.05
335,mopoz,1.00,1.06,0.91,1.24
336,ifan,0.90,1.06,1.14,1.28
337,maNkz,0.96,1.06,0.92,0.86
338,Buzz,1.02,1.06,0.92,1.13
339,HUASOPEEK,0.97,1.06,1.00,1.15
340,Krad,0.96,1.06,1.01,1.28
341,Wicadia,0.98,1.06,1.15,0.82
342,rain,0.97,1.06,1.03,1.17
343,detr0ittJ,1.07,1.06,1.21,0.89
344,Norwi,1.01,1.06,0.98,1.06
345,hades,1.05,1.06,1.10,0.87
346,Wolffe,0.98,1.06,0.89,1.19
347,Ro1f,1.04,1.06,0.90,0.95
348,aragornN,0.99,1.05,1.00,1.47
349,ewjerkz,0.96,1.05,1.01,0.70
350,d4rty,0.98,1.05,1.03,0.80
351,Peppzor,1.03,1.05,0.94,1.13
352,aVN,1.06,1.05,0.96,0.94
353,nero,1.00,1.05,1.19,1.00
354,nosraC,0.94,1.05,1.01,0.89
355,Kylar,1.00,1.05,0.95,1.07
356,Gizmy,0.94,1.05,1.08,0.73
357,xaler,1.06,1.05,0.90,0.91
358,Mingovi,0.97,1.05,1.11,0.95
359,Jackinho,1.03,1.05,0.99,1.20
360,Sapec,0.96,1.05,1.00,1.17
361,Summer,0.95,1.05,1.00,0.73
362,Cjoffo,1.02,1.05,0.99,0.90
363,kwezz,0.98,1.05,0.96,1.00
364,Bibu,0.93,1.05,0.94,1.14
365,avid,1.02,1.05,0.96,1.23
366,lollipop21k,0.92,1.05,1.13,0.97
367,kadziu,1.00,1.05,1.00,1.15
368,maaryy,1.01,1.05,1.06,0.92
369,niko,1.01,1.05,1.04,1.22
370,magixx,1.03,1.05,0.85,1.27
371,bobeksde,0.96,1.04,1.03,1.02
372,tN1R,1.02,1.04,0.93,1.35
373,Banjo,0.95,1.04,1.04,0.87
374,ponter,1.01,1.04,0.92,1.08
375,nqz,1.11,1.04,0.99,1.03
376,juissi,0.96,1.04,1.04,1.06
377,vsm,0.96,1.04,0.92,0.99
378,juanflatroo,0.92,1.04,1.03,0.98
379,emi,0.93,1.04,1.05,1.06
380,adamS,0.96,1.04,1.06,1.07
381,versa,1.01,1.04,1.07,1.52
382,Umar,0.99,1.04,1.17,1.02
383,Jerry,0.93,1.04,0.95,1.01
384,SLIGHT,1.07,1.04,1.00,1.03
385,POLO,1.01,1.04,1.21,1.11
386,WOOD7,1.05,1.04,1.01,1.06
387,spooke,0.93,1.04,1.04,1.00
388,Neityu,0.95,1.04,0.91,1.29
389,Shr,0.96,1.04,0.88,1.28
390,meyern,0.98,1.04,0.90,1.17
391,kyxsan,0.96,1.04,0.89,1.09
392,poppins,0.99,1.04,0.96,1.31
393,susp,0.97,1.04,0.90,1.11
394,Ex3rcice,1.01,1.04,0.94,0.70
395,Ax1Le,0.91,1.03,1.06,0.78
396,lattykk,1.03,1.03,1.03,1.06
397,Spiidi,0.95,1.03,0.91,1.00
398,xertioN,0.93,1.03,1.09,1.02
399,Extinct,0.92,1.03,0.94,1.67
400,khizha,0.94,1.03,1.03,1.08
401,AZUWU,0.85,1.03,0.99,1.15
402,Marix,0.99,1.03,0.95,1.09
403,lauNX,0.98,1.03,1.06,0.80
404,Tauson,0.99,1.03,0.92,1.28
405,kreaz,0.94,1.03,0.86,0.94
406,droid,1.00,1.03,0.79,0.99
407,SHiPZ,0.95,1.03,1.03,1.27
408,sAvana1,0.95,1.03,0.98,1.09
409,pr1metapz,0.98,1.03,0.99,0.71
410,KukuBambo,0.90,1.03,1.03,0.91
411,nexa,0.91,1.03,0.91,0.83
412,sNx,1.01,1.03,0.95,1.22
413,hate,1.00,1.03,0.88,0.64
414,soulfly,0.89,1.03,1.03,0.83
415,MoriiSko,0.93,1.02,1.07,1.38
416,c0llins,0.91,1.02,1.09,1.16
417,KaiR0N-,0.93,1.02,0.99,1.14
418,mynio,0.91,1.02,1.05,1.37
419,s1n,0.98,1.02,0.91,1.28
420,phr,1.00,1.02,0.99,1.02
421,MICHU,0.99,1.02,0.87,1.25
422,FASHR,0.89,1.02,1.13,1.05
423,HENU,0.99,1.02,0.99,1.14
424,Tuurtle,0.97,1.02,0.88,1.16
425,mizzy,0.98,1.02,0.97,1.12
426,allu,1.01,1.02,1.08,0.95
427,Fr3nk1e,0.95,1.02,1.06,1.18
428,n0rb3r7,0.93,1.02,0.90,0.99
429,draken,1.11,1.02,0.88,0.83
430,darko,0.95,1.02,0.98,0.93
431,drg,0.91,1.02,0.91,1.00
432,iDISBALANCE,1.03,1.02,1.03,0.73
433,birdfromsky,0.96,1.02,0.87,1.02
434,regali,1.00,1.02,1.09,0.90
435,PerX,0.97,1.02,1.01,1.13
436,jedqr,0.92,1.02,0.97,1.01
437,KEi,0.93,1.02,1.05,1.06
438,Lcm,0.99,1.02,1.07,0.75
439,awzek,0.93,1.02,0.99,0.84
440,chay,0.96,1.02,0.96,1.28
441,chelo,0.93,1.02,1.03,0.97
442,malinov,1.01,1.02,0.81,1.26
443,REDSTAR,0.96,1.02,0.92,0.73
444,guag,0.92,1.02,0.99,1.34
445,Zesta ,0.96,1.01,0.91,1.51
446,sirah,0.99,1.01,0.86,0.86
447,sjuush,0.91,1.01,0.93,0.80
448,Flayy,0.93,1.01,1.03,0.78
449,Seb,0.99,1.01,0.79,1.16
450,afM,0.83,1.01,1.15,0.87
451,JDubs,0.87,1.01,1.15,0.58
452,prosus,0.93,1.01,0.99,1.08
453,ArroW,0.93,1.01,1.04,1.03
454,Peeping,0.93,1.01,1.02,1.27
455,L1GH7n1nG,0.99,1.01,0.99,1.07
456,toM,0.90,1.01,0.98,1.03
457,seized,0.96,1.01,0.96,0.72
458,Jason,0.92,1.01,0.94,0.99
459,supLexN1,1.05,1.01,1.05,1.03
460,leri511,1.01,1.01,1.00,0.99
461,m4tthi,0.96,1.01,0.83,1.23
462,Libido,0.97,1.01,0.97,0.68
463,salazar,1.03,1.01,0.92,1.04
464,hns,0.92,1.01,0.99,1.13
465,DemQQ,0.96,1.01,0.97,1.18
466,Calyx,0.93,1.01,0.97,0.88
467,Grim,0.94,1.01,0.90,0.95
468,JT,0.93,1.01,1.03,1.04
469,Golden,0.98,1.01,0.85,1.19
470,matios,0.93,1.01,0.92,1.15
471,nolkz,0.92,1.01,0.93,1.22
472,mds,0.88,1.01,1.09,0.91
473,Alisson,0.88,1.01,1.00,1.20
474,somebody,0.95,1.01,0.90,0.73
475,Noktse,0.94,1.01,1.11,0.82
476,arrozdoce,0.96,1.01,0.89,0.98
477,SELLTER,0.96,1.01,0.95,0.96
478,KWERTZZ,0.99,1.01,0.88,1.00
479,cptkurtka023,0.93,1.01,0.89,0.96
480,ex1st,0.92,1.01,0.89,1.09
481,danoco,0.85,1.01,1.16,1.15
482,myltsi,0.94,1.00,0.88,0.88
483,KRIMZ,1.00,1.00,0.93,1.07
484,n4mie,0.93,1.00,1.04,0.61
485,woxic,0.95,1.00,1.00,1.36
486,Lack1,0.88,1.00,1.06,1.04
487,BOROS,0.93,1.00,0.96,0.82
488,JACKZ,0.90,1.00,0.98,1.27
489,deco,0.92,1.00,0.86,0.98
490,tiziaN,0.91,1.00,0.92,1.14
491,easy,0.97,1.00,0.96,1.18
492,Goofy,0.92,1.00,0.92,1.25
493,PKL,0.89,1.00,0.94,0.93
494,spek,0.89,1.00,1.02,1.07
495,electroNic,0.93,1.00,0.94,1.36
496,Girafffe,0.94,1.00,0.82,1.14
497,Omichella,0.88,1.00,0.88,0.58
498,amster,0.90,1.00,0.83,1.11
499,Patti,0.90,1.00,0.94,0.79
500,DJF,0.96,1.00,0.95,1.22
501,nyezin,0.95,1.00,0.87,1.45
502,VLDN,0.98,0.99,0.93,0.66
503,SunPayus,1.00,0.99,1.14,1.20
504,X5G7V,0.91,0.99,1.04,0.92
505,drop,0.86,0.99,0.99,0.86
506,1NVISIBLEE,0.88,0.99,0.98,1.02
507,beastik,0.91,0.99,0.94,0.99
508,Vegi,0.87,0.99,1.10,0.99
509,Blogg1s,0.96,0.99,1.04,0.91
510,JUST,0.94,0.99,0.93,1.07
511,alex,0.86,0.99,1.04,0.95
512,T4gg3D,0.91,0.99,0.88,1.17
513,dare,0.85,0.99,1.01,0.91
514,z4kr,0.95,0.99,0.78,0.79
515,b4rtiN,0.98,0.99,0.90,1.26
516,Chr1zN,0.98,0.99,0.92,0.95
517,arTisT,0.91,0.99,1.14,0.51
518,hybrid,0.89,0.99,0.97,1.05
519,NBK-,0.94,0.99,0.80,0.72
520,P4TriCK,0.87,0.99,0.99,0.74
521,w1,0.91,0.98,0.88,1.02
522,morelz,0.92,0.98,1.01,0.90
523,luko,0.88,0.98,1.02,0.91
524,Ducky,0.88,0.98,0.86,1.07
525,SPine,0.91,0.98,1.03,0.91
526,virtuoso,0.89,0.98,0.95,1.03
527,Queenix,0.93,0.98,0.87,0.99
528,Sdaim,0.86,0.98,0.92,1.01
529,The eLiVe,0.90,0.98,0.83,0.95
530,danistzz,0.91,0.98,0.81,1.25
531,keegaN,0.99,0.98,0.84,0.96
532,Maden,0.91,0.98,0.92,0.73
533,Ag1l,0.95,0.98,0.79,1.15
534,goddess,0.82,0.98,0.98,0.67
535,Yxngstxr,0.85,0.98,0.96,0.92
536,nython,0.98,0.98,0.97,0.82
537,SeBreeZe,0.90,0.98,0.77,0.79
538,vision ,0.92,0.97,0.86,0.99
539,fear,0.89,0.97,0.93,0.64
540,ninjaZ,0.85,0.97,1.12,0.75
541,Wolfie,0.93,0.97,0.87,1.62
542,sl3nd,0.96,0.97,0.95,0.88
543,blacktear5,0.86,0.97,1.01,1.08
544,steel,0.91,0.97,0.78,1.16
545,bew,0.88,0.97,0.75,1.11
546,MiGHTYMAX,0.86,0.97,1.01,1.16
547,Graviti,0.89,0.97,1.00,0.97
548,tge,0.99,0.97,0.88,1.17
549,Cryptic,0.84,0.97,0.97,1.16
550,Jee,1.01,0.97,1.10,0.88
551,CutzMeretz,0.87,0.97,0.91,0.64
552,FalleN,1.00,0.97,0.93,0.97
553,relentless,0.88,0.97,0.83,1.37
554,baz,0.93,0.97,0.87,1.35
555,K1-FiDa,0.85,0.97,0.93,0.80
556,Nexius,0.82,0.97,1.05,0.95
557,yepz,0.93,0.97,0.89,1.21
558,rekonz,0.88,0.97,0.97,1.02
559,fokiu,0.82,0.97,1.14,1.04
560,NIO,1.02,0.97,0.89,0.92
561,fl0m,0.93,0.96,0.88,0.80
562,shane,0.88,0.96,0.91,1.14
563,KZXL,0.91,0.96,0.88,1.38
564,msN,0.91,0.96,0.91,1.20
565,BLVCKM4GIC,0.87,0.96,0.81,1.00
566,Gabe,0.89,0.96,0.95,0.80
567,roman,0.84,0.96,1.02,0.91
568,AJaxz,0.84,0.96,0.97,0.87
569,Surreal,0.89,0.96,0.76,1.04
570,karrigan,0.84,0.96,0.88,0.85
571,F1KU,0.87,0.96,0.99,1.59
572,Andrew,0.90,0.96,0.98,0.67
573,raalz,0.91,0.96,0.86,1.05
574,Vert,0.89,0.96,0.89,0.94
575,FreeZe,0.83,0.96,1.02,0.96
576,ragga,0.84,0.96,1.02,1.04
577,consti,0.90,0.96,1.14,0.75
578,xsepower,0.97,0.96,1.00,0.77
579,sL1m3,0.91,0.96,0.99,1.37
580,arT,0.83,0.96,0.95,0.81
581,Furlan,0.82,0.96,1.02,1.09
582,remix,0.94,0.96,0.97,1.30
583,piriajr,0.90,0.95,0.97,1.89
584,xns,0.84,0.95,0.93,0.89
585,CSO,0.86,0.95,0.89,0.88
586,callum_murray,0.86,0.95,0.84,1.03
587,Sterzig,0.85,0.95,0.93,0.95
588,sense,0.90,0.95,0.82,0.91
589,Jerppa,0.82,0.95,0.99,1.00
590,EmiliaQAQ,0.85,0.95,1.00,1.28
591,pupcake,0.87,0.95,0.77,0.66
592,lunAtic,0.83,0.95,0.90,0.99
593,Lexon,0.96,0.95,0.79,0.67
594,EIZA,0.87,0.95,0.94,0.82
595,NEKIZ,0.82,0.95,0.94,1.01
596,bnox,0.85,0.94,0.92,0.89
597,Dementor,0.74,0.94,1.00,1.08
598,viridian,0.84,0.94,0.95,1.32
599,coldizinha,0.78,0.94,0.98,1.27
600,PR1mE,0.94,0.94,0.72,1.11
601,nani,0.89,0.94,1.01,0.49
602,ben1337,0.88,0.94,0.90,0.79
603,MAJ3R,0.88,0.94,0.93,0.91
604,enzero,0.83,0.94,0.91,0.78
605,voltera,0.84,0.94,0.88,0.71
606,nifee,0.83,0.94,0.89,0.82
607,jsfeltner,0.79,0.93,0.99,0.81
608,Jelo,0.89,0.93,0.81,0.89
609,zmb,0.84,0.93,0.88,1.09
610,ottoNd,0.88,0.93,1.02,0.72
611,MUTiRiS,0.87,0.93,0.84,0.72
612,chopper,0.83,0.93,0.84,1.02
613,Sandman,0.87,0.93,0.89,1.18
614,jz,0.83,0.93,0.87,0.73
615,max,0.80,0.93,0.90,1.00
616,freshie,0.85,0.93,0.76,1.00
617,KalubeR,0.84,0.93,0.80,0.85
618,k1to,0.83,0.92,0.93,1.20
619,Vacancy,0.80,0.92,1.14,0.86
620,2x2x,0.83,0.92,0.89,1.28
621,Hassie,0.80,0.92,0.99,1.12
622,zks,0.79,0.92,1.05,0.78
623,Bones,0.88,0.92,0.88,0.88
624,sinnopsyy,0.78,0.92,1.06,0.66
625,LEARSI,0.84,0.92,0.86,0.62
626,MMS,0.79,0.92,0.88,0.90
627,gRuChA,0.83,0.92,0.82,1.03
628,Valencio,0.86,0.92,0.86,0.87
629,grape,0.81,0.92,0.95,0.92
630,buda,0.80,0.92,0.86,1.02
631,Danejoris,0.80,0.92,0.85,1.19
632,tAk,0.81,0.91,1.01,1.05
633,tutu,0.89,0.91,0.76,0.81
634,supar,0.82,0.91,0.84,1.08
635,aleph,0.79,0.91,0.99,0.96
636,zede,0.85,0.91,0.81,1.07
637,arcade,0.82,0.91,0.93,0.84
638,LNZ,0.83,0.91,0.87,0.91
639,stanislaw,0.82,0.91,0.98,1.03
640,interz,0.87,0.91,0.81,0.85
641,s0und,0.84,0.91,0.93,1.32
642,SZPERO,0.88,0.91,0.83,2.05
643,hotd0g ,0.80,0.91,0.85,0.69
644,SHiNE,0.83,0.91,0.82,0.98
645,xicoz,0.82,0.90,0.75,1.35
646,BK1,0.77,0.90,0.88,1.09
647,Brendinha,0.86,0.90,0.89,1.09
648,flying,0.81,0.90,0.84,0.30
649,Leomonster,0.77,0.90,0.93,0.89
650,Drewtheshrew,0.82,0.90,1.05,0.74
651,hurtslxrd,0.82,0.90,0.85,1.03
652,brett,0.75,0.90,0.90,0.81
653,Sm1llee,0.85,0.90,0.72,1.12
654,Trucklover86,0.80,0.89,0.91,1.17
655,capseN,0.81,0.89,0.97,1.09
656,XELLOW,0.81,0.89,0.94,1.20
657,Enzo,0.82,0.89,1.00,0.89
658,def1zer,0.76,0.89,0.80,0.88
659,SkulL,0.81,0.89,0.83,0.95
660,Topa,0.85,0.89,0.90,1.04
661,bootylord,0.87,0.89,1.05,0.99
662,b0RUP,0.79,0.89,0.78,0.75
663,leckr,0.79,0.89,0.93,0.95
664,SLY,0.75,0.89,0.94,1.08
665,aizy,0.80,0.89,0.91,1.28
666,expro,0.74,0.89,0.98,1.01
667,BTN,0.83,0.88,0.86,1.13
668,RICIOLI,0.78,0.88,0.91,0.69
669,SENER1,0.78,0.88,0.79,0.77
670,Samuukxs,0.78,0.88,0.82,0.46
671,darchevile,0.76,0.88,0.89,0.98
672,lenci,0.83,0.88,0.95,0.89
673,sad,0.78,0.87,0.91,0.82
674,sh1geo,0.76,0.87,0.90,0.90
675,Elk,0.74,0.87,0.79,0.91
676,shield,0.82,0.87,0.96,0.73
677,Raijin,0.76,0.87,0.83,0.87
678,Snappi,0.75,0.86,1.06,0.58
679,Klameczka,0.70,0.86,1.00,1.06
680,afro,0.79,0.86,0.92,1.17
681,es3tag,0.72,0.86,0.77,0.61
682,viz,0.77,0.86,0.74,1.05
683,siuhy,0.74,0.86,0.94,0.78
684,consss,0.77,0.86,0.88,0.89
685,dexter,0.77,0.86,0.91,0.69
686,gas,0.77,0.85,0.88,0.72
687,smekk-,0.73,0.85,0.87,0.71
688,sLowi,0.69,0.85,0.84,0.71
689,Airax,0.68,0.85,1.02,0.68
690,Grashog,0.69,0.85,0.89,0.61
691,BRACE,0.74,0.85,0.88,0.87
692,tOPZ,0.76,0.85,0.75,0.72
693,Pumpkin66,0.79,0.85,0.70,1.34
694,swede,0.75,0.83,0.73,1.35
695,S1rva,0.73,0.83,0.84,0.70
696,EXUS,0.73,0.83,0.89,0.80
697,zakk,0.73,0.83,0.80,0.41
698,kenznk,0.65,0.83,0.87,1.27
699,nut nut,0.74,0.83,0.91,0.77
700,Mellow,0.73,0.83,1.03,0.72
701,delle,0.75,0.83,0.82,0.86
702,MSK,0.64,0.82,0.98,0.94
703,souz4h,0.70,0.82,0.71,1.01
704,shutout,0.68,0.81,0.87,0.67
705,stormzyn,0.74,0.81,0.80,0.70
706,kNgV-,0.72,0.81,0.92,0.95
707,hyza,0.72,0.81,0.78,0.88
708,Patrick,0.74,0.81,0.76,0.79
709,lan,0.65,0.81,1.04,0.89
710,J3nsyy,0.72,0.80,0.79,1.18
711,Speedy,0.70,0.79,0.83,1.02
712,krii,0.64,0.79,0.92,1.02
713,advent,0.66,0.79,0.83,0.73
714,R2D2J,0.67,0.78,0.88,0.74
715,croma,0.71,0.78,0.81,1.09
716,bestch,0.67,0.77,0.93,0.86
717,snatchie,0.68,0.76,0.93,0.96
718,SYSTEM,0.61,0.73,0.73,1.09
719,turtle,0.62,0.72,0.81,0.98
720,s1cko,0.55,0.70,0.69,0.66
